<?xml version="1.0" encoding="UTF-8"?>
<project-private xmlns="http://www.netbeans.org/ns/project-private/1">
    <editor-bookmarks xmlns="http://www.netbeans.org/ns/editor-bookmarks/2" lastBookmarkId="0"/>
    <open-files xmlns="http://www.netbeans.org/ns/projectui-open-files/2">
        <group>
            <file>file:/C:/Users/jose_/OneDrive/Documents/NetBeansProjects/Listas%20ADT%201358/src/ico/fes/modelo/Empleado.java</file>
            <file>file:/C:/Users/jose_/OneDrive/Documents/NetBeansProjects/Listas%20ADT%201358/src/ico/fes/unam/edd1358/LinkedListADT.java</file>
            <file>file:/C:/Users/jose_/OneDrive/Documents/NetBeansProjects/Listas%20ADT%201358/src/listas/adt/pkg1358/ListasADT1358.java</file>
        </group>
    </open-files>
</project-private>
